Gold answer,WHISPER,Participant 1,Participant 2,Participant 3,Participant 4,Participant 5,Participant 6
他酷爱室外运动业余时间总是带着他的滑板去训练场练习,他国外示范运动业余时间总是带着他的滑板去训练场练习,他酷爱室外运动业余时间总是带着他的滑板去训练场练习,他酷爱室外运动业务时间总是带着他的滑板去室外练习,他酷爱室外运动业余时间总是带着他的滑板去训练场练习,他酷爱室外运动有时间总是带着他的滑板去室外练习,她酷爱室外运动业余时间总是带着她的滑板去训练场练习,他酷爱室外运动业余时间总是带着他的滑板去训练场练习
为了撰写论文并深入研究这个主题我需要去图书馆借一本原著,为了专心论文评室如意研究这个主题我需要去图书馆借一位员主,为了撰写论文并深入研究这个主题我需要去图书馆借一本原著,为了撰写论文笔试录音就这个主题我需要去图书馆借一本原著,为了撰写论文并深入研究这个主题我需要去图书馆借一本原著,论文明是容易就这个主题我需要去图书馆借一本原著,为了这个主题我要去图书馆借一本原著,为了撰写论文并深入研究这个主题我需要去图书馆借一本原著
拿到处方后我根据医生的叮嘱去药房买了药并且每日按需服用,拿到厨房后我根据医生的订出去药房买了药并且每日按需服用,拿到处方后我根据医生的叮嘱去药房买了药并且每日按需服用,拿到处方后我根据医生的叮嘱去药房买了药并按需服用,拿到处方后我根据医生的叮嘱去药房买了药并且每日按需服用,拿到处方后我感觉医生们叮嘱去药房201并且每日按需服用,拿到处方后我根据医生的叮嘱去药房买了药并且每日按需服用,拿到处方后我根据医生的叮嘱去药房买了药并且每日按需服用
他是老实但他并不懦弱你不能因此就欺负他,但是老实的他并不懦弱你不能一次就欺负他,他是老实但他并不懦弱你不能因此就欺负他,他是老实的但并不懦弱你不能因此就欺负他,他是老实但他并不懦弱你不能因此就欺负他,他是老实但他并不是懦弱你不能因此就欺负他,但是老实人她并不懦弱你不能因此就欺负她,他是老实但他并不懦弱你不能因此就欺负他
这是他的笔迹说明这是他本人亲自签署的文件,这是他的笔迹说明这是他本人亲自签署的文件,这是他的笔记说明这是他本人亲自签署的文件,这是他的笔迹说明这是他本人亲自签署的文件,这是他的笔迹说明这是他本人亲自签署的文件,这是他的笔记说明这是他本人亲自写书的痕迹,这是她的笔记说明这是她本人亲自签署的文件,这是他的笔迹说明这是他本人亲自签署的文件
这个讲座内容简直是老生常谈没有任何新的观点或见解,这个讲座内容简直是老生常态没有任何新的管理或剪辑,这个讲座内容简直是老生常谈没有任何新的观点或见解,这个讲座内容简直是老生常谈没有任何新的观点或见解,这个讲座内容简直是老生常谈没有任何新的观点或见解,这个讲座内容简直是老生常谈没有任何新的观点或见解,这个讲座内容简直是老生常谈没有任何新的观点或见解,这个讲座内容简直是老生常谈没有任何新的观点或见解
我是不会听从你的建议的实践才是学习的最好方式,我是不会听从你的建议的时间在这缺陷最好方式,我是不会听从你的建议的实践才是学习的最好方式,我是不会听从你的任何建议的实践就是学习的最好方式,我是不会听从你的建议的实践才是学习的最好方式,我是不会听从你的建议的实践才是学习的最好方式,我是不会听从你的建议的实践才是学习的最好方式,我是不会听从你的建议的实践才是学习的最好方式
今天课上我们来讲讲李白的古诗望庐山瀑布,今天可是我们来讲讲礼拜的故事网络神风,今天课上我们来讲讲李白的古诗望庐山瀑布,今天课上我们来讲讲李白的故事王路生浓,今天课上我们来讲讲李白的古诗望庐山瀑布,今天课上我们来讲讲李白的故事望庐山瀑布,今天课上我们来讲讲李白的故事望庐山瀑布,今天课上我们来讲讲李白的故事
两边的山起伏连绵山势皆平缓遍山长着茸茸的细草,两边的山脊乎连绵山石起平缓边山长着融入了西草,两边的山起伏连绵山势渐平缓遍山长着绒绒的细草,两边的山起伏连绵甚是平缓遍山长着绒绒的细草,两边的山起伏连绵山势皆平缓遍山长着茸茸的细草,两边的山起伏连绵山势既平缓地照着西侧,两边的山起伏连绵山势且平缓遍山长着绒绒的细草,两边的山起伏连绵山势且平缓遍山长着绒绒的细草
岳阳楼好像直接从洞庭湖里长出来的站在楼上可以看到湖中帆船来往渔歌互答,原样楼好像直接从冬天湖里长出来的站在楼上可以看到湖中翻成来往一个湖滩,岳阳楼好像直接从洞庭湖里长出来的站在楼上可以看到,岳阳楼好像直接从洞庭湖里长出来的站在楼上可以看到湖中帆船来往游客湖荡,岳阳楼好像从洞庭湖里直接长出来的站在楼上可以看到湖中帆船来往渔歌互答,岳阳楼好像直接从洞庭湖里长出来的站在楼上可以看到湖中帆船来往游客,岳阳楼好像直接从洞庭湖里长出来的站在湖上可以看到湖中,岳阳楼好像直接从洞庭湖里长出来的站在楼上可以看到湖中渔歌互答
将茶叶置于烤茶罐中放在炭火上烤的半焦倒入滚水茶香扑鼻,将茶叶置于烤盘中放在灯火上烤的半焦倒入滚水茶香扑鼻,都是滚石,将茶叶置于烤茶罐中放炭炉上烤的半焦倒入滚水茶香扑鼻,将茶叶置于烤茶罐中放在炭火上烤到半焦倒入滚水茶香扑鼻,将茶叶置于烤茶罐中果然是茶香扑鼻,都是茶香扑鼻,将茶叶置于烤茶罐中放在炭火上烤的半焦倒入滚水茶香扑鼻
快到天际线了才有一两片白云亮得现出异彩像美丽的贝壳一般,快到天气新了才有一两片白云两朵鲜出一彩像美丽的贝壳一般。,快到天际线了才有一两片白云亮得像雨淋的贝壳一般,快到天际线了才有一两片白云亮的显出异彩像威廉的贝壳一般,快到天际线了才有一两片白云亮得现出异彩像美丽的贝壳一般,管道天就行了再有一两片白云量都献出银灿像有俩贝壳一般,快到天际线了才有一两片白云亮的现出异彩像云里摆手的贝壳一般,快到天际线了才有像的贝壳一般
月光如流水一般静静地倾泻在叶子和花上薄薄的青雾浮起在荷塘里,月光如流水一般静静地倾泻在椅子和花上薄薄的景物浮起在河道里,月光如流水一般静静地倾斜在夜色荷花上薄薄的轻雾浮起河道里,月光如流水一般浅浅地倾泻在夜色荷花上薄薄的轻雾浮现在荷塘里,月光如流水一般静静地倾泻在叶子和花上薄薄的青雾浮起在荷塘里,月光如流水一般轻轻地清泻在夜色和花上薄薄的轻雾浮现在河道里,月光如流水一般静静地倾泻在叶子和薄薄的轻雾浮起在荷塘里,月光如流水一般静静的倾泻在银色荷花上薄薄的轻浮起在河道里
沿湖种了一行桃树春天花发时在风里娇媚地笑着,烟火中的一行党书春天画发时在风里娇美地笑着,沿湖种了一行时在风里娇媚地笑着,岳阳湖中那和桃树是天花法师在风里狡黠地笑着,沿湖种了一行桃树春天花发时在风里娇媚地笑着,两湖中来行道树纸碟花噶时在风里娇媚的笑着,在风里娇媚地笑着,行道树在风里娇媚的笑着
这里土地富饶雨水丰沃每一个角落都沐浴在自然的神奇之中,这里土地富饶雨水风火每一个角落都沐浴在自然的神奇之中,这里土地富饶雨水丰沃每一个角落都沐浴在自然的神奇之中,这里土地富饶雨水锋芒每一个角落都沐浴在神奇之中,这里的土地富饶雨水丰沃每一个角落都沐浴在自然的神奇之中,这里土地富饶雨水丰沃每一个角落都在自然的神奇之中,这里土地富饶雨水丰沃每一个角落都沐浴在的神奇之中,这里土地富饶雨水丰富每一个角落都沐浴在自然的神奇之中
秋风扫过稻田黄金波浪翻滚像是历史长河中的一页页篇章,秋风骚过到天黄金波浪翻滚像是李时长和钟队一夜一片长,秋风送过稻田黄旗波浪翻滚像是历史长河中的一页页篇章,秋风扫过稻田好似波浪翻滚像是烈士城河里的一页页篇章,秋风扫过稻田划起波浪翻滚像是历史长河中的一页页篇章,秋风扫过稻田划起波浪翻滚像是历史长河中的一页页篇章,秋风稻田晃起波浪翻滚像是历史长河中的一页页篇章,秋风扫过稻田黄金波浪翻滚像是历史长河中的一页页篇章